{
    "Tag": 0,
    "HasCleared": false,
    "title": "Twinkle Twinkle Little Star",
    "composer": "Wolfgang Amadeus Mozart",
    "noteCnt": 16,
    "second": [
        0.0,
        0.5,
        0.5,
        0.5,
        0.5,
        0.5,
        0.5,
        0.5,
        0.5,
        0.5,
        0.5,
        0.5,
        0.5,
        0.5,
        0.375,
        0.125
    ],
    "size": [
        5.0,
        5.0,
        5.0,
        5.0,
        5.0,
        5.0,
        5.0,
        5.0,
        5.0,
        5.0,
        5.0,
        5.0,
        5.0,
        5.0,
        5.0,
        5.0
    ],
    "duration": [
        1.0,
        1.0,
        1.0,
        1.0,
        1.0,
        1.0,
        1.0,
        1.0,
        1.0,
        1.0,
        1.0,
        1.0,
        1.0,
        1.0,
        1.0,
        1.0
    ],
    "direction": [
        0,
        0,
        2,
        2,
        3,
        3,
        1,
        1,
        0,
        0,
        1,
        1,
        2,
        2,
        3,
        2
    ],
    "isLast": [
        false,
        false,
        false,
        false,
        false,
        false,
        false,
        false,
        false,
        false,
        false,
        false,
        false,
        false,
        false,
        true
    ]
}